Epitope ID,Object Type,Description,Epitope Modified Residue(s),Epitope Modification(s),Starting Position,Ending Position,Non-peptidic epitope Accession,Epitope Synonyms,Antigen Name,Antigen Accession,Parent Protein,Parent Protein Accession,Organism Name,Parent Organism,Parent Organism ID,Epitope Comments,Epitope Relationship,Object Type,Description,Starting Position,Ending Position,Non-peptidic object Accession,Synonyms,Antigen Name,Parent Protein,Organism Name,Parent Organism
"616139","Linear peptide","FAQSIFYRL","","","972","980","","","spike glycoprotein","AGN52936.1","sp|K9N5Q8|SPIKE_MERS1 Spike glycoprotein OS=Middle East respiratory syndrome-related coronavirus (isolate United Kingdom/H123990006/2012) OX=1263720 GN=S PE=1 SV=1","K9N5Q8","Middle East respiratory syndrome-related coronavirus","Middle East respiratory syndrome-related coronavirus","1335626","","","","","","","","","","","",""
"616628","Linear peptide","FYAPEPITS","","","1191","1199","","","spike glycoprotein","AGN52936.1","sp|K9N5Q8|SPIKE_MERS1 Spike glycoprotein OS=Middle East respiratory syndrome-related coronavirus (isolate United Kingdom/H123990006/2012) OX=1263720 GN=S PE=1 SV=1","K9N5Q8","Middle East respiratory syndrome-related coronavirus","Middle East respiratory syndrome-related coronavirus","1335626","","","","","","","","","","","",""
"616629","Linear peptide","FYAPEPITSL","","","1191","1200","","","spike glycoprotein","AGN52936.1","sp|K9N5Q8|SPIKE_MERS1 Spike glycoprotein OS=Middle East respiratory syndrome-related coronavirus (isolate United Kingdom/H123990006/2012) OX=1263720 GN=S PE=1 SV=1","K9N5Q8","Middle East respiratory syndrome-related coronavirus","Middle East respiratory syndrome-related coronavirus","1335626","","","","","","","","","","","",""
"616635","Linear peptide","FYRLNGVGI","","","977","985","","","spike glycoprotein","AGN52936.1","sp|K9N5Q8|SPIKE_MERS1 Spike glycoprotein OS=Middle East respiratory syndrome-related coronavirus (isolate United Kingdom/H123990006/2012) OX=1263720 GN=S PE=1 SV=1","K9N5Q8","Middle East respiratory syndrome-related coronavirus","Middle East respiratory syndrome-related coronavirus","1335626","","","","","","","","","","","",""
"616636","Linear peptide","FYRLNGVGIT","","","977","986","","","spike glycoprotein","AGN52936.1","sp|K9N5Q8|SPIKE_MERS1 Spike glycoprotein OS=Middle East respiratory syndrome-related coronavirus (isolate United Kingdom/H123990006/2012) OX=1263720 GN=S PE=1 SV=1","K9N5Q8","Middle East respiratory syndrome-related coronavirus","Middle East respiratory syndrome-related coronavirus","1335626","","","","","","","","","","","",""
"620932","Linear peptide","KYYSIIPHS","","","291","299","","","spike glycoprotein","AGN52936.1","sp|K9N5Q8|SPIKE_MERS1 Spike glycoprotein OS=Middle East respiratory syndrome-related coronavirus (isolate United Kingdom/H123990006/2012) OX=1263720 GN=S PE=1 SV=1","K9N5Q8","Middle East respiratory syndrome-related coronavirus","Middle East respiratory syndrome-related coronavirus","1335626","","","","","","","","","","","",""
"620933","Linear peptide","KYYSIIPHSI","","","291","300","","","spike glycoprotein","AGN52936.1","sp|K9N5Q8|SPIKE_MERS1 Spike glycoprotein OS=Middle East respiratory syndrome-related coronavirus (isolate United Kingdom/H123990006/2012) OX=1263720 GN=S PE=1 SV=1","K9N5Q8","Middle East respiratory syndrome-related coronavirus","Middle East respiratory syndrome-related coronavirus","1335626","","","","","","","","","","","",""
"625110","Linear peptide","SFYAPEPI","","","1190","1197","","","spike glycoprotein","AGN52936.1","sp|K9N5Q8|SPIKE_MERS1 Spike glycoprotein OS=Middle East respiratory syndrome-related coronavirus (isolate United Kingdom/H123990006/2012) OX=1263720 GN=S PE=1 SV=1","K9N5Q8","Middle East respiratory syndrome-related coronavirus","Middle East respiratory syndrome-related coronavirus","1335626","","","","","","","","","","","",""
"625111","Linear peptide","SFYAPEPIT","","","1190","1198","","","spike glycoprotein","AGN52936.1","sp|K9N5Q8|SPIKE_MERS1 Spike glycoprotein OS=Middle East respiratory syndrome-related coronavirus (isolate United Kingdom/H123990006/2012) OX=1263720 GN=S PE=1 SV=1","K9N5Q8","Middle East respiratory syndrome-related coronavirus","Middle East respiratory syndrome-related coronavirus","1335626","","","","","","","","","","","",""
"625112","Linear peptide","SFYAPEPITSL","","","1190","1200","","","spike glycoprotein","AGN52936.1","sp|K9N5Q8|SPIKE_MERS1 Spike glycoprotein OS=Middle East respiratory syndrome-related coronavirus (isolate United Kingdom/H123990006/2012) OX=1263720 GN=S PE=1 SV=1","K9N5Q8","Middle East respiratory syndrome-related coronavirus","Middle East respiratory syndrome-related coronavirus","1335626","","","","","","","","","","","",""
"628706","Linear peptide","YYSIIPHS","","","292","299","","","spike glycoprotein","AGN52936.1","sp|K9N5Q8|SPIKE_MERS1 Spike glycoprotein OS=Middle East respiratory syndrome-related coronavirus (isolate United Kingdom/H123990006/2012) OX=1263720 GN=S PE=1 SV=1","K9N5Q8","Middle East respiratory syndrome-related coronavirus","Middle East respiratory syndrome-related coronavirus","1335626","","","","","","","","","","","",""
"628707","Linear peptide","YYSIIPHSI","","","292","300","","","spike glycoprotein","AGN52936.1","sp|K9N5Q8|SPIKE_MERS1 Spike glycoprotein OS=Middle East respiratory syndrome-related coronavirus (isolate United Kingdom/H123990006/2012) OX=1263720 GN=S PE=1 SV=1","K9N5Q8","Middle East respiratory syndrome-related coronavirus","Middle East respiratory syndrome-related coronavirus","1335626","","","","","","","","","","","",""
"871495","Linear peptide","VYDTIKYYSIIPHSI","","","286","300","","","S protein","ANF29272.1","sp|K9N5Q8|SPIKE_MERS1 Spike glycoprotein OS=Middle East respiratory syndrome-related coronavirus (isolate United Kingdom/H123990006/2012) OX=1263720 GN=S PE=1 SV=1","K9N5Q8","Middle East respiratory syndrome-related coronavirus","Middle East respiratory syndrome-related coronavirus","1335626","","","","","","","","","","","",""
"1066115","Linear peptide","IAPVNGYFI","","","1165","1173","","","S protein","ANF29272.1","sp|K9N5Q8|SPIKE_MERS1 Spike glycoprotein OS=Middle East respiratory syndrome-related coronavirus (isolate United Kingdom/H123990006/2012) OX=1263720 GN=S PE=1 SV=1","K9N5Q8","Middle East respiratory syndrome-related coronavirus","Middle East respiratory syndrome-related coronavirus","1335626","","","","","","","","","","","",""
"1066202","Linear peptide","QVYNFKRL","","","132","139","","","S protein, partial [Middle East respiratory syndrome-related coronavirus]","AHI48799.1","sp|K9N5Q8|SPIKE_MERS1 Spike glycoprotein OS=Middle East respiratory syndrome-related coronavirus (isolate United Kingdom/H123990006/2012) OX=1263720 GN=S PE=1 SV=1","K9N5Q8","Middle East respiratory syndrome-related coronavirus","Middle East respiratory syndrome-related coronavirus","1335626","","","","","","","","","","","",""
"1066372","Linear peptide","IEVDIQQTFFDKTWPRPIDV","","","31","50","","","S protein","AFS88936.1","sp|K9N5Q8|SPIKE_MERS1 Spike glycoprotein OS=Middle East respiratory syndrome-related coronavirus (isolate United Kingdom/H123990006/2012) OX=1263720 GN=S PE=1 SV=1","K9N5Q8","Human betacoronavirus 2c EMC/2012","Middle East respiratory syndrome-related coronavirus","1335626","","","","","","","","","","","",""
"1066373","Linear peptide","IGDIIQRLDVLEQDAQIDRL","","","1051","1070","","","S protein","AFS88936.1","sp|K9N5Q8|SPIKE_MERS1 Spike glycoprotein OS=Middle East respiratory syndrome-related coronavirus (isolate United Kingdom/H123990006/2012) OX=1263720 GN=S PE=1 SV=1","K9N5Q8","Human betacoronavirus 2c EMC/2012","Middle East respiratory syndrome-related coronavirus","1335626","","","","","","","","","","","",""
"1066390","Linear peptide","LILDYFSYPLSMKSDLSVSS","","","441","460","","","S protein","AFS88936.1","sp|K9N5Q8|SPIKE_MERS1 Spike glycoprotein OS=Middle East respiratory syndrome-related coronavirus (isolate United Kingdom/H123990006/2012) OX=1263720 GN=S PE=1 SV=1","K9N5Q8","Human betacoronavirus 2c EMC/2012","Middle East respiratory syndrome-related coronavirus","1335626","","","","","","","","","","","",""
"1066411","Linear peptide","NKCSRLLSDDRTEVPQLVNA","","","501","520","","","S protein","AFS88936.1","sp|K9N5Q8|SPIKE_MERS1 Spike glycoprotein OS=Middle East respiratory syndrome-related coronavirus (isolate United Kingdom/H123990006/2012) OX=1263720 GN=S PE=1 SV=1","K9N5Q8","Human betacoronavirus 2c EMC/2012","Middle East respiratory syndrome-related coronavirus","1335626","","","","","","","","","","","",""
"1066450","Linear peptide","RSIQSDRKAWAAFYVYKLQP","","","301","320","","","S protein","AFS88936.1","sp|K9N5Q8|SPIKE_MERS1 Spike glycoprotein OS=Middle East respiratory syndrome-related coronavirus (isolate United Kingdom/H123990006/2012) OX=1263720 GN=S PE=1 SV=1","K9N5Q8","Human betacoronavirus 2c EMC/2012","Middle East respiratory syndrome-related coronavirus","1335626","","","","","","","","","","","",""
"1066510","Linear peptide","VYDAYQNLVGYYSDDGNYYC","","","631","650","","","S protein","AFS88936.1","sp|K9N5Q8|SPIKE_MERS1 Spike glycoprotein OS=Middle East respiratory syndrome-related coronavirus (isolate United Kingdom/H123990006/2012) OX=1263720 GN=S PE=1 SV=1","K9N5Q8","Human betacoronavirus 2c EMC/2012","Middle East respiratory syndrome-related coronavirus","1335626","","","","","","","","","","","",""
"236157","Linear peptide","CALPDTPSTLTPRSVRSVPGEMRLAS","","","736","761","","","S protein","AFS88936.1","sp|K9N5Q8|SPIKE_MERS1 Spike glycoprotein OS=Middle East respiratory syndrome-related coronavirus (isolate United Kingdom/H123990006/2012) OX=1263720 GN=S PE=1 SV=1","K9N5Q8","Middle East respiratory syndrome-related coronavirus","Middle East respiratory syndrome-related coronavirus","1335626","","","","","","","","","","","",""
"236161","Linear peptide","DDRTEVPQLVNANQYSPCVSIVPSTVWEDGDYYRKQLSPLEGGGWL","","","509","554","","","S protein","AFS88936.1","sp|K9N5Q8|SPIKE_MERS1 Spike glycoprotein OS=Middle East respiratory syndrome-related coronavirus (isolate United Kingdom/H123990006/2012) OX=1263720 GN=S PE=1 SV=1","K9N5Q8","Middle East respiratory syndrome-related coronavirus","Middle East respiratory syndrome-related coronavirus","1335626","","","","","","","","","","","",""
"238082","Discontinuous peptide","D455, E513, R542","","","","","","","spike glycoprotein","AGN52936.1","sp|K9N5Q8|SPIKE_MERS1 Spike glycoprotein OS=Middle East respiratory syndrome-related coronavirus (isolate United Kingdom/H123990006/2012) OX=1263720 GN=S PE=1 SV=1","K9N5Q8","Middle East respiratory syndrome-related coronavirus","Middle East respiratory syndrome-related coronavirus","1335626","","","","","","","","","","","",""
"418776","Discontinuous peptide","L506, T512","","","","","","","S protein","AFS88936.1","sp|K9N5Q8|SPIKE_MERS1 Spike glycoprotein OS=Middle East respiratory syndrome-related coronavirus (isolate United Kingdom/H123990006/2012) OX=1263720 GN=S PE=1 SV=1","K9N5Q8","Human betacoronavirus 2c EMC/2012","Middle East respiratory syndrome-related coronavirus","1335626","","","","","","","","","","","",""
"418777","Discontinuous peptide","L506, Y540","","","","","","","S protein","AFS88936.1","sp|K9N5Q8|SPIKE_MERS1 Spike glycoprotein OS=Middle East respiratory syndrome-related coronavirus (isolate United Kingdom/H123990006/2012) OX=1263720 GN=S PE=1 SV=1","K9N5Q8","Human betacoronavirus 2c EMC/2012","Middle East respiratory syndrome-related coronavirus","1335626","","","","","","","","","","","",""
"418778","Discontinuous peptide","P547","","","","","","","S protein","AFS88936.1","sp|K9N5Q8|SPIKE_MERS1 Spike glycoprotein OS=Middle East respiratory syndrome-related coronavirus (isolate United Kingdom/H123990006/2012) OX=1263720 GN=S PE=1 SV=1","K9N5Q8","Human betacoronavirus 2c EMC/2012","Middle East respiratory syndrome-related coronavirus","1335626","","","","","","","","","","","",""
"418779","Discontinuous peptide","R542","","","","","","","S protein","AFS88936.1","sp|K9N5Q8|SPIKE_MERS1 Spike glycoprotein OS=Middle East respiratory syndrome-related coronavirus (isolate United Kingdom/H123990006/2012) OX=1263720 GN=S PE=1 SV=1","K9N5Q8","Human betacoronavirus 2c EMC/2012","Middle East respiratory syndrome-related coronavirus","1335626","","","","","","","","","","","",""
"418780","Discontinuous peptide","R542, I1229","","","","","","","S protein","AFS88936.1","sp|K9N5Q8|SPIKE_MERS1 Spike glycoprotein OS=Middle East respiratory syndrome-related coronavirus (isolate United Kingdom/H123990006/2012) OX=1263720 GN=S PE=1 SV=1","K9N5Q8","Human betacoronavirus 2c EMC/2012","Middle East respiratory syndrome-related coronavirus","1335626","","","","","","","","","","","",""
"418781","Discontinuous peptide","Y540","","","","","","","S protein","AFS88936.1","sp|K9N5Q8|SPIKE_MERS1 Spike glycoprotein OS=Middle East respiratory syndrome-related coronavirus (isolate United Kingdom/H123990006/2012) OX=1263720 GN=S PE=1 SV=1","K9N5Q8","Human betacoronavirus 2c EMC/2012","Middle East respiratory syndrome-related coronavirus","1335626","","","","","","","","","","","",""
"434564","Discontinuous peptide","T489, K493, E536, E565","","","","","","","S protein","AFY13307.1","sp|K9N5Q8|SPIKE_MERS1 Spike glycoprotein OS=Middle East respiratory syndrome-related coronavirus (isolate United Kingdom/H123990006/2012) OX=1263720 GN=S PE=1 SV=1","K9N5Q8","Betacoronavirus England 1","Middle East respiratory syndrome-related coronavirus","1335626","","","","","","","","","","","",""
"434785","Discontinuous peptide","V527, S528, I529, V530, P531, S532, W535, E536, D539, Y540, Y541, R542","","","","","","","spike glycoprotein","AGN52936.1","sp|K9N5Q8|SPIKE_MERS1 Spike glycoprotein OS=Middle East respiratory syndrome-related coronavirus (isolate United Kingdom/H123990006/2012) OX=1263720 GN=S PE=1 SV=1","K9N5Q8","Middle East respiratory syndrome-related coronavirus","Middle East respiratory syndrome-related coronavirus","1335626","","","","","","","","","","","",""
"451244","Discontinuous peptide","Y397, N398, K400, L495, K496, P525, V527, S528, I529, V530, P531, S532, W535, E536, D539, Y540, Y541, R542, K543, Q544","","","","","","","S protein","AFS88936.1","sp|K9N5Q8|SPIKE_MERS1 Spike glycoprotein OS=Middle East respiratory syndrome-related coronavirus (isolate United Kingdom/H123990006/2012) OX=1263720 GN=S PE=1 SV=1","K9N5Q8","Human betacoronavirus 2c EMC/2012","Middle East respiratory syndrome-related coronavirus","1335626","","","","","","","","","","","",""
"451537","Discontinuous peptide","D509","","","","","","","S protein","AFY13307.1","sp|K9N5Q8|SPIKE_MERS1 Spike glycoprotein OS=Middle East respiratory syndrome-related coronavirus (isolate United Kingdom/H123990006/2012) OX=1263720 GN=S PE=1 SV=1","K9N5Q8","Betacoronavirus England 1","Middle East respiratory syndrome-related coronavirus","1335626","","","","","","","","","","","",""
"451538","Discontinuous peptide","G391, T392, P394, Y397, N398, F399, K400, L495, K496, P525, V527, S528, I529, V530, P531, S532, T533, W535, E536, D537, D539, Y540, Y541, R542, K543, Q544, L545, S546, E549, W553, T560","","","","","","","S protein","AFY13307.1","sp|K9N5Q8|SPIKE_MERS1 Spike glycoprotein OS=Middle East respiratory syndrome-related coronavirus (isolate United Kingdom/H123990006/2012) OX=1263720 GN=S PE=1 SV=1","K9N5Q8","Betacoronavirus England 1","Middle East respiratory syndrome-related coronavirus","1335626","","","","","","","","","","","",""
"461728","Discontinuous peptide","N501, K502, S504, F506,  D510, E513,  P531,  W535, E536, D537, G538, D539, Y540, Y541, R542,  W553, V555, S557, G558, S559","","","","","","","Spike glycoprotein","K9N5Q8.1","sp|K9N5Q8|SPIKE_MERS1 Spike glycoprotein OS=Middle East respiratory syndrome-related coronavirus (isolate United Kingdom/H123990006/2012) OX=1263720 GN=S PE=1 SV=1","K9N5Q8","Betacoronavirus England 1","Middle East respiratory syndrome-related coronavirus","1335626","","","","","","","","","","","",""
"616629","Linear peptide","FYAPEPITSL","","","1191","1200","","","spike glycoprotein","AGN52936.1","sp|K9N5Q8|SPIKE_MERS1 Spike glycoprotein OS=Middle East respiratory syndrome-related coronavirus (isolate United Kingdom/H123990006/2012) OX=1263720 GN=S PE=1 SV=1","K9N5Q8","Middle East respiratory syndrome-related coronavirus","Middle East respiratory syndrome-related coronavirus","1335626","","","","","","","","","","","",""
"620933","Linear peptide","KYYSIIPHSI","","","291","300","","","spike glycoprotein","AGN52936.1","sp|K9N5Q8|SPIKE_MERS1 Spike glycoprotein OS=Middle East respiratory syndrome-related coronavirus (isolate United Kingdom/H123990006/2012) OX=1263720 GN=S PE=1 SV=1","K9N5Q8","Middle East respiratory syndrome-related coronavirus","Middle East respiratory syndrome-related coronavirus","1335626","","","","","","","","","","","",""
"625112","Linear peptide","SFYAPEPITSL","","","1190","1200","","","spike glycoprotein","AGN52936.1","sp|K9N5Q8|SPIKE_MERS1 Spike glycoprotein OS=Middle East respiratory syndrome-related coronavirus (isolate United Kingdom/H123990006/2012) OX=1263720 GN=S PE=1 SV=1","K9N5Q8","Middle East respiratory syndrome-related coronavirus","Middle East respiratory syndrome-related coronavirus","1335626","","","","","","","","","","","",""
"628707","Linear peptide","YYSIIPHSI","","","292","300","","","spike glycoprotein","AGN52936.1","sp|K9N5Q8|SPIKE_MERS1 Spike glycoprotein OS=Middle East respiratory syndrome-related coronavirus (isolate United Kingdom/H123990006/2012) OX=1263720 GN=S PE=1 SV=1","K9N5Q8","Middle East respiratory syndrome-related coronavirus","Middle East respiratory syndrome-related coronavirus","1335626","","","","","","","","","","","",""
"733837","Discontinuous peptide","Y777, V1149, V1150, K1174, T1175, N1176, N1177, T1178, R1179, I1180, V1181, E1183, W1184, P1196, Q1212, S1215, N1217","","","","","","","S protein","AFY13307.1","sp|K9N5Q8|SPIKE_MERS1 Spike glycoprotein OS=Middle East respiratory syndrome-related coronavirus (isolate United Kingdom/H123990006/2012) OX=1263720 GN=S PE=1 SV=1","K9N5Q8","Betacoronavirus England 1","Middle East respiratory syndrome-related coronavirus","1335626","The epitope residues were calculated from [PDB: 5W9I] as the antigen residues at 4&Aring; atomic distance from the antibody.","","","","","","","","","","",""
"766969","Discontinuous peptide","N501, K502, S504, F506, D510, R511, T512, E513, W535, E536, D537, G538, D539, Y540, Y541, R542, W553, V555, A556, S557","","","","","","","Spike glycoprotein","K9N5Q8.1","sp|K9N5Q8|SPIKE_MERS1 Spike glycoprotein OS=Middle East respiratory syndrome-related coronavirus (isolate United Kingdom/H123990006/2012) OX=1263720 GN=S PE=1 SV=1","K9N5Q8","Betacoronavirus England 1","Middle East respiratory syndrome-related coronavirus","1335626","","","","","","","","","","","",""
"766970","Discontinuous peptide","P394, Y397, N398, F399, K400, Y523, V527, S528, I529, V530, P531, S532, W535, E536, D539, Y540, Y541, R542, K543, Q544, L545, S546, P547, L548, E549, W553","","","","","","","Spike glycoprotein","K9N5Q8.1","sp|K9N5Q8|SPIKE_MERS1 Spike glycoprotein OS=Middle East respiratory syndrome-related coronavirus (isolate United Kingdom/H123990006/2012) OX=1263720 GN=S PE=1 SV=1","K9N5Q8","Betacoronavirus England 1","Middle East respiratory syndrome-related coronavirus","1335626","","","","","","","","","","","",""
"767098","Discontinuous peptide","N501, K502, S504, F506, D510, E513, P531, W535, E536, D537, G538, D539, Y540, Y541, R542, W553, V555, S557, G558, S559","","","","","","","Spike glycoprotein","K9N5Q8.1","sp|K9N5Q8|SPIKE_MERS1 Spike glycoprotein OS=Middle East respiratory syndrome-related coronavirus (isolate United Kingdom/H123990006/2012) OX=1263720 GN=S PE=1 SV=1","K9N5Q8","Betacoronavirus England 1","Middle East respiratory syndrome-related coronavirus","1335626","The epitope sequence was provided in cited reference Ying et al. Nat Commun 2015;6:8223 [PMID: 26370782].","","","","","","","","","","",""
"780242","Discontinuous peptide","R242, L244, S245, D246, N256, N258, Q259, Y260, S261, P262, S265, K280, L282, S283, P284, L285, E286, G287","","","","","","","S protein, partial [Middle East respiratory syndrome-related coronavirus]","AHI48799.1","sp|K9N5Q8|SPIKE_MERS1 Spike glycoprotein OS=Middle East respiratory syndrome-related coronavirus (isolate United Kingdom/H123990006/2012) OX=1263720 GN=S PE=1 SV=1","K9N5Q8","Middle East respiratory syndrome-related coronavirus","Middle East respiratory syndrome-related coronavirus","1335626","The epitope residues were calculated from [PDB: 5ZXV] as the antigen residues at 4&Aring; atomic distance from the antibody.","","","","","","","","","","",""
"780243","Discontinuous peptide","R242, L244, S245, V251, Q253, N256, A257, Q259, Y260, P262, K280, L282, S283, P284, L285, E286, G287, L291","","","","","","","S protein, partial [Middle East respiratory syndrome-related coronavirus]","AHI48799.1","sp|K9N5Q8|SPIKE_MERS1 Spike glycoprotein OS=Middle East respiratory syndrome-related coronavirus (isolate United Kingdom/H123990006/2012) OX=1263720 GN=S PE=1 SV=1","K9N5Q8","Middle East respiratory syndrome-related coronavirus","Middle East respiratory syndrome-related coronavirus","1335626","","","","","","","","","","","",""
"832133","Discontinuous peptide","D510, I529, P531, W535, E536, D539, Y540, Y541, R542, K543, Q544, W553","","","","","","","Spike glycoprotein","K9N5Q8.1","sp|K9N5Q8|SPIKE_MERS1 Spike glycoprotein OS=Middle East respiratory syndrome-related coronavirus (isolate United Kingdom/H123990006/2012) OX=1263720 GN=S PE=1 SV=1","K9N5Q8","Betacoronavirus England 1","Middle East respiratory syndrome-related coronavirus","1335626","The epitope residues were calculated from [PDB: 5GMQ] as the antigen residues at 4&Aring; atomic distance from the antibody. Additional contact L506 residue is mismatched to F506 in the GenBank sequence.","","","","","","","","","","",""
"910130","Discontinuous peptide","K493, L495, K496, I529, P531, S532, T533, W535, E536, D539, Y540, Y541, T560, A562","","","","","","","S protein [Middle East respiratory syndrome-related coronavirus]","AHI48672.1","sp|K9N5Q8|SPIKE_MERS1 Spike glycoprotein OS=Middle East respiratory syndrome-related coronavirus (isolate United Kingdom/H123990006/2012) OX=1263720 GN=S PE=1 SV=1","K9N5Q8","Middle East respiratory syndrome-related coronavirus","Middle East respiratory syndrome-related coronavirus","1335626","The epitope residues were calculated from [PDB: 6NB3] as the antigen residues at 4&Aring; atomic distance from the antibody.","","","","","","","","","","",""
"917806","Linear peptide","TKPLKYSYINKCSRFLSDDRTEVPQ","","","492","516","","","Spike glycoprotein","K9N5Q8.1","sp|K9N5Q8|SPIKE_MERS1 Spike glycoprotein OS=Middle East respiratory syndrome-related coronavirus (isolate United Kingdom/H123990006/2012) OX=1263720 GN=S PE=1 SV=1","K9N5Q8","Betacoronavirus England 1","Middle East respiratory syndrome-related coronavirus","1335626","","","","","","","","","","","",""
"917807","Linear peptide","TKPLKYSYINKCSRLLSDDRTEVPQ","","","492","516","","","spike protein [Middle East respiratory syndrome-related coronavirus]","AKL59401.1","sp|K9N5Q8|SPIKE_MERS1 Spike glycoprotein OS=Middle East respiratory syndrome-related coronavirus (isolate United Kingdom/H123990006/2012) OX=1263720 GN=S PE=1 SV=1","K9N5Q8","Middle East respiratory syndrome-related coronavirus","Middle East respiratory syndrome-related coronavirus","1335626","The epitope is from the MERS-CoV/KOR/KNIH/002_05_2015  strain of Middle East respiratory syndrome-related coronavirus.","","","","","","","","","","",""
"919498","Discontinuous peptide","Y18, D20, P23, D24, V26, K27, S28, E188, S191, N226, L234, R235, N236","","","","","","","spike protein [Middle East respiratory syndrome-related coronavirus]","AKL59401.1","sp|K9N5Q8|SPIKE_MERS1 Spike glycoprotein OS=Middle East respiratory syndrome-related coronavirus (isolate United Kingdom/H123990006/2012) OX=1263720 GN=S PE=1 SV=1","K9N5Q8","Middle East respiratory syndrome-related coronavirus","Middle East respiratory syndrome-related coronavirus","1335626","The epitope residues were calculated from [PDB: 6J11] as the antigen residues at 4&Aring; atomic distance from the antibody.","","","","","","","","","","",""
"944864","Discontinuous peptide","V26, K27, S28, A29, T96, P97, S157, S191, G192, N193, A197, G198, N199, T209, R301","","","","","","","spike protein [Middle East respiratory syndrome-related coronavirus]","QBF80607.1","sp|K9N5Q8|SPIKE_MERS1 Spike glycoprotein OS=Middle East respiratory syndrome-related coronavirus (isolate United Kingdom/H123990006/2012) OX=1263720 GN=S PE=1 SV=1","K9N5Q8","Middle East respiratory syndrome-related coronavirus","Middle East respiratory syndrome-related coronavirus","1335626","The epitope residues were calculated from [PDB: 6PXH] as the antigen residues at 4&Aring; atomic distance from the antibody.","","","","","","","","","","",""
"947202","Linear peptide","DFNLTLLEP","","","868","876","","","S protein [Middle East respiratory syndrome-related coronavirus]","AHI48672.1","sp|K9N5Q8|SPIKE_MERS1 Spike glycoprotein OS=Middle East respiratory syndrome-related coronavirus (isolate United Kingdom/H123990006/2012) OX=1263720 GN=S PE=1 SV=1","K9N5Q8","Middle East respiratory syndrome-related coronavirus","Middle East respiratory syndrome-related coronavirus","1335626","","","","","","","","","","","",""
"947209","Linear peptide","DFSPLLSGTPP","","","384","394","","","S protein [Middle East respiratory syndrome-related coronavirus]","AHI48672.1","sp|K9N5Q8|SPIKE_MERS1 Spike glycoprotein OS=Middle East respiratory syndrome-related coronavirus (isolate United Kingdom/H123990006/2012) OX=1263720 GN=S PE=1 SV=1","K9N5Q8","Middle East respiratory syndrome-related coronavirus","Middle East respiratory syndrome-related coronavirus","1335626","","","","","","","","","","","",""
"947210","Linear peptide","DFTCSQISP","","","422","430","","","spike protein [Middle East respiratory syndrome-related coronavirus]","AKL59401.1","sp|K9N5Q8|SPIKE_MERS1 Spike glycoprotein OS=Middle East respiratory syndrome-related coronavirus (isolate United Kingdom/H123990006/2012) OX=1263720 GN=S PE=1 SV=1","K9N5Q8","Middle East respiratory syndrome-related coronavirus","Middle East respiratory syndrome-related coronavirus","1335626","","","","","","","","","","","",""
"947234","Linear peptide","DYYRKQLSP","","","539","547","","","S protein [Middle East respiratory syndrome-related coronavirus]","AHI48672.1","sp|K9N5Q8|SPIKE_MERS1 Spike glycoprotein OS=Middle East respiratory syndrome-related coronavirus (isolate United Kingdom/H123990006/2012) OX=1263720 GN=S PE=1 SV=1","K9N5Q8","Middle East respiratory syndrome-related coronavirus","Middle East respiratory syndrome-related coronavirus","1335626","","","","","","","","","","","",""
"947235","Linear peptide","DYYRKQLSPL","","","539","548","","","S protein [Middle East respiratory syndrome-related coronavirus]","AHI48672.1","sp|K9N5Q8|SPIKE_MERS1 Spike glycoprotein OS=Middle East respiratory syndrome-related coronavirus (isolate United Kingdom/H123990006/2012) OX=1263720 GN=S PE=1 SV=1","K9N5Q8","Middle East respiratory syndrome-related coronavirus","Middle East respiratory syndrome-related coronavirus","1335626","","","","","","","","","","","",""
"947502","Linear peptide","QYSPCVSIVP","","","522","531","","","S protein [Middle East respiratory syndrome-related coronavirus]","AHI48672.1","sp|K9N5Q8|SPIKE_MERS1 Spike glycoprotein OS=Middle East respiratory syndrome-related coronavirus (isolate United Kingdom/H123990006/2012) OX=1263720 GN=S PE=1 SV=1","K9N5Q8","Middle East respiratory syndrome-related coronavirus","Middle East respiratory syndrome-related coronavirus","1335626","","","","","","","","","","","",""
"952701","Linear peptide","CALPDTPSTLTPRSVRSVPGEMRLA","","","736","760","","","S protein","ANF29272.1","sp|K9N5Q8|SPIKE_MERS1 Spike glycoprotein OS=Middle East respiratory syndrome-related coronavirus (isolate United Kingdom/H123990006/2012) OX=1263720 GN=S PE=1 SV=1","K9N5Q8","Middle East respiratory syndrome-related coronavirus","Middle East respiratory syndrome-related coronavirus","1335626","","","","","","","","","","","",""
"983935","Discontinuous peptide","D509","","","","","","","S protein","AFS88936.1","sp|K9N5Q8|SPIKE_MERS1 Spike glycoprotein OS=Middle East respiratory syndrome-related coronavirus (isolate United Kingdom/H123990006/2012) OX=1263720 GN=S PE=1 SV=1","K9N5Q8","Human betacoronavirus 2c EMC/2012","Middle East respiratory syndrome-related coronavirus","1335626","","","","","","","","","","","",""
"983936","Discontinuous peptide","I529","","","","","","","S protein","AFS88936.1","sp|K9N5Q8|SPIKE_MERS1 Spike glycoprotein OS=Middle East respiratory syndrome-related coronavirus (isolate United Kingdom/H123990006/2012) OX=1263720 GN=S PE=1 SV=1","K9N5Q8","Human betacoronavirus 2c EMC/2012","Middle East respiratory syndrome-related coronavirus","1335626","","","","","","","","","","","",""
"983937","Discontinuous peptide","L506","","","","","","","S protein","AFS88936.1","sp|K9N5Q8|SPIKE_MERS1 Spike glycoprotein OS=Middle East respiratory syndrome-related coronavirus (isolate United Kingdom/H123990006/2012) OX=1263720 GN=S PE=1 SV=1","K9N5Q8","Human betacoronavirus 2c EMC/2012","Middle East respiratory syndrome-related coronavirus","1335626","","","","","","","","","","","",""
"983938","Discontinuous peptide","V534","","","","","","","S protein","AFS88936.1","sp|K9N5Q8|SPIKE_MERS1 Spike glycoprotein OS=Middle East respiratory syndrome-related coronavirus (isolate United Kingdom/H123990006/2012) OX=1263720 GN=S PE=1 SV=1","K9N5Q8","Human betacoronavirus 2c EMC/2012","Middle East respiratory syndrome-related coronavirus","1335626","","","","","","","","","","","",""
"1068710","Discontinuous peptide","K502, S504, F506, R511, E513, D539, Y540, Y541, R542, Q544, W553, V555, A556","","","","","","","Spike glycoprotein","K9N5Q8.1","sp|K9N5Q8|SPIKE_MERS1 Spike glycoprotein OS=Middle East respiratory syndrome-related coronavirus (isolate United Kingdom/H123990006/2012) OX=1263720 GN=S PE=1 SV=1","K9N5Q8","Betacoronavirus England 1","Middle East respiratory syndrome-related coronavirus","1335626","The epitope residues were calculated from [PDB: 6WAR] as the antigen residues at 4&Aring; atomic distance from the antibody.","","","","","","","","","","",""
